party,left_right,eu_anti_pro,state_market,liberty_authority
ECR,8.00,4.50,5.02,8.09
EPP,6.759239285714286,7.771323529411766,6.76,6.57
GUE/NGL,1.77,3.6981466666666667,1.75,2.553726666666667
ID,9.118461363636364,1.4002295454545453,6.54,8.810006818181819
NI,6.48,4.97,4.58,7.19
RENEW,6.049944230769231,8.136278846153846,6.59,4.285817307692308
S&D,3.525087387387387,8.416699047619048,3.76,3.708336936936937
VERTS/ALE,2.95,6.66,3.31,1.68
